World_Rank,University_Name,Country,Teaching_Rating,Inter_Outlook_Rating,Research_Rating,Citations_Rating,Industry_Income_Rating,Total_Score,Num_Students,Student/Staff_Ratio,porcent_Inter_Students,porcent_Female_Students
1,1,United States of America,95.6,64,97.6,99.8,97.8,95.2,2243,6.9,27,33
2,2,United Kingdom,86.5,94.4,98.9,98.8,73.1,94.2,19919,11.6,34,46
3,3,United States of America,92.5,76.3,96.2,99.9,63.3,93.9,15596,7.8,22,42
4,4,United Kingdom,88.2,91.5,96.7,97,55,92.8,18812,11.8,34,46
5,5,United States of America,89.4,84,88.6,99.7,95.4,92,11074,9,33,37
6,6,United States of America,83.6,77.2,99,99.8,45.2,91.6,20152,8.9,25,NA
7,7,United States of America,85.1,78.5,91.9,99.3,52.1,90.1,7929,8.4,27,45
8,8,United Kingdom,83.3,96,88.5,96.7,53.7,89.1,15060,11.7,51,37
9,9,Switzerland,77,97.9,95,91.1,80,88.3,18178,14.7,37,31
10,10,United States of America,85.7,65,88.9,99.2,36.6,87.9,14221,6.9,21,42
11,11,United States of America,77.6,70,90.4,98.2,100,87.6,15128,3.6,23,50
12,12,United States of America,86.5,64.3,87.8,97.2,43.3,87.4,11751,4.4,20,50
13,13,United States of America,80.4,61.9,91.1,99.7,47.9,87.2,36186,16.4,15,50
14,14,United Kingdom,78.1,94.4,91,94.2,40.5,87.1,26607,10.7,46,56
15,15,United States of America,85.9,73.5,82.2,98.1,NA,86.1,25055,5.9,28,NA
16,16,United States of America,80.8,56.4,88.6,98.5,47.9,85.8,38206,10.3,15,52
17,17,United States of America,82,49.5,86.9,98.6,47.9,85.2,20376,6.5,20,51
18,18,United States of America,77.9,63.9,86.1,97.2,33.7,84,21424,10.2,19,48
19,19,Canada,75.9,77.8,89.3,90.9,49.1,83.9,66198,19.5,15,NA
20,20,United States of America,76,56.5,78,99,100,82.7,15172,4.8,17,49
21,21,United States of America,76.8,53.7,85.2,94.4,56.3,82.4,41786,9,16,48
22,22,United States of America,67.4,57.1,88.8,99.1,57.5,82.3,11885,13.1,35,39
23,23,United Kingdom,69.8,93.6,80.6,94.3,32.2,81.3,NA,NA,NA,NA
24,24,United Kingdom,68.6,89.8,77.2,96.3,36.1,80.3,25774,14.1,36,58
25,25,United States of America,69.8,53.9,78.4,96.5,81.2,79.5,18334,13.8,15,48
26,26,Singapore,71.7,96.2,84.5,79.4,49.8,79.2,31592,15.5,34,49
27,27,United Kingdom,64.5,93.8,75.8,93.8,40.1,78.2,21394,11.4,37,61
28,28,Sweden,60.6,73.1,81.1,92.2,75.8,77.5,7774,11.5,22,70
29,29,Germany,70.5,62.8,77.4,85.7,100,77.3,35691,15.5,13,62
30,30,United States of America,74.7,49.3,72.3,95.3,30.4,77.2,42056,6.8,19,55
31,31,Switzerland,61.3,98.6,67.5,94.6,65.4,76.1,9666,10.5,54,27
32,32,United States of America,67.1,51.2,70,98.6,43.1,75.6,44020,11.8,13,53
33,33,Australia,62,87.1,75.5,86.6,64.6,75.4,40128,23.7,35,55
34,34,Canada,60.2,90.5,73.2,91.5,42.6,75.3,50152,17.6,25,54
35,35,Belgium,59.9,68.6,76.9,87.3,100,74.8,42503,41.9,18,54
36,36,United States of America,64.5,45.8,81.2,86.8,52.8,74.5,42727,18.7,20,47
37,37,Germany,68.8,62.8,69.6,88.2,68.2,74.4,28881,24.5,17,55
38,38,Canada,66.1,85.5,72.1,78.9,40.3,72.6,31326,13.7,23,56
39,39,United States of America,56.9,42.9,69.8,98.7,56.7,72.2,27233,6.5,11,48
39,40,United States of America,52.6,61.5,66,99.2,90.4,72.2,22020,27.3,11,52
41,41,United States of America,57.8,71.5,72.7,86,73.7,72.1,19967,20.1,26,31
42,42,China,77.8,49.2,72.4,69.1,100,72,40148,8.3,14,NA
43,43,Japan,81.4,30.3,83,60.9,50.8,71.1,26199,5.7,10,NA
44,44,United States of America,60.1,58.4,72.7,84.3,57.3,71,35364,13.9,13,54
44,45,Hong Kong,64.6,99.5,72.8,70.1,53.7,71,19835,17.6,38,53
46,46,United States of America,59.3,31.7,69.7,92.2,63.1,70.3,49427,17.4,9,51
47,47,China,73.3,39.5,83,58.8,100,70,39763,13.7,10,32
47,48,Netherlands,52.6,70.3,66.9,87.8,100,70,9248,17,21,56
49,49,Germany,63.7,62.6,77,73.6,36.1,69.9,29987,52.5,16,NA
50,50,United States of America,65.1,33,68.2,86.6,48.5,69.7,39655,10.8,11,51
51,51,United States of America,62.8,57.8,55.7,96.4,31.4,69.6,8653,10.1,19,NA
52,52,Australia,54.7,93.3,77.3,72.3,48,69.5,14604,19.2,35,52
53,53,Germany,61,63.8,66,80.1,99.2,69.4,35565,31.5,20,33
54,54,France,70.6,85.5,47.7,87.1,37.1,69,2400,7.9,20,46
55,55,Singapore,48.4,94.6,61.3,85.6,99.9,68.2,25028,16.2,33,48
56,56,United Kingdom,58.4,87,66,77.3,42,68.1,34938,15.3,34,52
56,57,Australia,54.3,84.4,68.1,77.5,72.4,68.1,41868,20.2,28,57
58,58,Netherlands,52.2,66.5,64.7,87.4,62.8,67.8,24570,14.4,11,53
59,59,Hong Kong,49.4,80.5,66.1,82.6,68.1,67.2,11385,23.8,36,NA
60,60,Australia,49.2,89.3,62.8,82.4,76.7,67,34718,32.7,27,53
60,61,United States of America,54.3,44.9,55.6,99.2,33.5,67,12528,5.7,17,NA
62,62,Netherlands,48.1,55.8,64.3,88.1,89.1,66.6,30779,15.4,7,59
63,63,United States of America,58,39,54.5,95.9,39.4,66.4,26518,7.3,8,58
64,64,United States of America,57.8,51,49.5,97.7,30.3,66.1,24789,8.6,17,58
65,65,Netherlands,55,84,73.8,61.5,100,65.9,15920,19.4,25,26
65,66,United States of America,53.5,35.3,61,88,98.5,65.9,46825,18,13,52
67,67,Netherlands,50.5,64.3,63.1,85.2,49.8,65.7,21222,17.1,10,59
68,68,United States of America,49.3,56.3,58.9,93,38,65.5,36534,12.9,20,52
69,69,United Kingdom,47.6,82.4,51.6,91.2,40,64.3,17906,14,25,53
70,70,United Kingdom,47.9,86.4,51.9,87.7,34.4,63.6,15489,15.7,24,54
71,71,Netherlands,37.2,76.1,55.2,95.6,54.6,63.5,20580,18.9,18,48
72,72,Germany,57.9,69.2,72.2,60.2,35.1,63.2,33062,39.3,20,58
73,73,Australia,48.1,87.6,58.5,73.3,79.7,62.5,50882,40.5,36,56
74,74,Netherlands,43.3,63.9,56.9,84,92.4,62.4,24556,25.6,12,52
75,75,United States of America,50.4,40.8,61.9,80.5,56.2,62.3,44501,12.4,12,46
76,76,United Kingdom,41.6,85.8,48.3,92.3,31.6,61.9,22616,16,29,57
76,77,Finland,48.4,51.8,60.4,82.1,31.6,61.9,23505,15.1,6,66
78,78,Germany,47,58.2,59.8,79.3,59.2,61.7,28327,38.9,12,58
79,79,United States of America,50.6,33.9,50.3,92.3,39.3,61.5,26485,5.8,10,51
80,80,United Kingdom,47.4,90.3,53.1,78.2,37.7,61.3,18529,16.6,37,48
81,81,Sweden,44.1,59.6,61,80.9,39.5,61.2,25266,18.2,12,57
82,82,Denmark,49.8,83.3,42.7,86.2,45,61,27545,4.1,19,67
82,83,Australia,40.7,89.5,53.9,82.1,50,61,38309,25.9,33,47
84,84,Germany,47.4,60.3,51.1,80.5,100,60.7,26467,31.2,16,52
85,85,South Korea,66.5,30.9,70.5,50,85.4,60.5,26389,13.9,10,NA
86,86,United Kingdom,49.7,92.3,47.3,78.8,30.6,60.4,8338,12.7,47,56
87,87,United States of America,47.8,29.1,44.2,95.7,63.2,60.1,12161,3.6,10,52
88,88,Japan,70.6,26.1,69.3,46.6,79,59.9,22809,5.6,7,NA
88,89,Netherlands,37.5,95.5,47.7,82.7,95.4,59.9,15626,18.9,48,56
90,90,United States of America,48.3,51,37.1,96.7,48.9,59.7,12338,4.5,18,56
90,91,Sweden,39.7,74.1,53.6,81.3,70.4,59.7,28251,11.5,15,NA
90,92,United States of America,51.6,53,46.6,83.2,53.1,59.7,51462,13.4,12,49
93,93,United Kingdom,39.4,87.3,40,94.3,31.9,59.5,17755,18.8,28,54
94,94,Germany,45.1,63.6,47.5,85.3,NA,58.8,32474,70.4,13,55
94,95,United States of America,54.4,52.7,39.3,82.5,80.7,58.8,15408,8.5,14,53
94,96,Canada,39.8,76.1,44.8,84.9,88,58.8,23823,19.3,15,53
97,97,United Kingdom,42.4,81.9,48.8,80.1,43.4,58.6,23311,15.5,31,50
98,98,United Kingdom,34.1,93.5,41.3,93.3,36.8,58.5,14260,14,40,52
99,99,Germany,49.3,56.4,54.5,72.7,31.8,58,25581,25.6,12,51
99,100,United States of America,47.3,56.4,52.6,76.8,32.2,58,44750,15.7,15,51
101,101,Switzerland,39.5,94.7,33.1,88.3,99.9,57.9,12551,17.3,24,54
101,102,France,53.5,92.8,44.6,64.7,82.3,57.9,2429,4.8,30,18
101,103,United States of America,37.9,66.6,35.1,99.7,41.7,57.9,6333,9,26,44
104,104,United States of America,50.7,38.3,35.8,93.3,40.8,57.8,6178,6.6,16,47
104,105,Switzerland,49.5,90.4,31.5,85.4,44,57.8,26583,6.5,19,57
106,106,Denmark,36.9,76.8,50.7,79.8,68.3,57.7,23895,13.6,14,54
106,107,United States of America,39.9,59.2,41.8,91.6,48.9,57.7,26614,16.1,16,52
106,108,Germany,34.5,64.6,47.7,86.9,85.3,57.7,11761,85.8,15,55
108,109,United States of America,47.6,47.6,48.1,81.7,33.7,57.6,11829,13.8,10,44
109,110,Australia,33.4,92.6,46.1,83.6,64.5,57.5,20851,20.7,27,50
110,111,Germany,49.4,54.1,56.3,63.2,98.1,57.2,37917,27.6,16,31
110,112,United Kingdom,39.8,88.4,43.6,82,37.5,57.2,20925,13.5,29,53
112,113,Italy,54.2,46.3,53.1,67.2,52,57.1,462,16.5,5,28
113,114,Canada,46.3,84.2,45.5,69.6,92.6,57,38264,20.3,25,57
113,115,France,52.8,74.1,32.7,82.9,37.4,57,27862,8.7,18,48
113,116,United States of America,50.2,66.4,57.7,63.2,NA,57,39256,18.1,22,42
116,117,South Korea,49.1,33.7,47.1,76.7,100,56.9,3055,10.1,4,20
117,118,United States of America,45,43.5,42.1,88.2,32.3,56.7,31331,8.4,9,48
118,119,Belgium,42.1,54.2,54.5,71.2,88.3,56.6,32166,34.1,9,57
119,120,United Kingdom,39.4,82,41.8,82.7,34.7,56.2,25295,16.4,23,54
120,121,Switzerland,40,83.7,42.5,76.6,82.9,56.1,14708,22.5,14,54
120,122,South Africa,34.9,80.2,38.7,85.6,92.7,56.1,20040,12.1,18,53
120,123,United States of America,51.8,33.3,56.8,67.7,NA,56.1,50095,18.7,9,54
123,124,Germany,51.7,47,39.7,75.2,99.4,56,36146,53.9,9,49
123,125,United States of America,43.9,34.7,55.7,75.4,35.9,56,37032,17.3,8,51
125,126,Germany,40.3,46.3,44.1,85.6,58.2,55.9,39838,46.1,8,53
125,127,Netherlands,34.3,60.9,48.5,84.9,39.2,55.9,17713,13,10,58
127,128,United States of America,39.7,36.6,37.6,96.4,35.7,55.8,29325,16.1,8,45
127,129,United States of America,45.2,49.4,33.3,90.1,60.7,55.8,10410,10,14,54
129,130,United Kingdom,35.1,92.7,33.2,91.2,34.4,55.7,8747,15.9,37,57
130,131,United Kingdom,34,87,41.4,85.3,33.6,55.6,11512,14.9,33,52
131,132,Switzerland,34.9,98.5,40.5,78.5,72.4,55.4,15668,15,39,61
131,133,United Kingdom,41.9,83.5,46.3,73.1,31.1,55.4,NA,NA,NA,NA
133,134,United States of America,46.1,40.5,33.2,92,34.1,55.3,9259,6.4,17,48
133,135,United Kingdom,43.7,77.4,39,79.2,36.7,55.3,27703,14.7,21,58
135,136,Norway,43.3,68.2,44.7,75.5,38.3,55.1,27139,18.8,18,NA
136,137,Sweden,34.1,48.5,51.2,82.5,31.1,54.8,31715,23.7,8,62
137,138,Canada,46.4,80.7,48.1,63.6,47.4,54.7,36299,21.6,23,55
138,139,Hong Kong,41.5,81.1,48.5,68.4,37.5,54.5,17916,10.2,22,53
138,140,Germany,37.7,56.7,47.5,73.8,99.5,54.5,25294,24.6,16,26
140,141,United Kingdom,33.4,88.3,37.2,86.1,30.6,54.4,12001,17.4,35,54
141,142,United States of America,40.2,48.9,36.3,88.1,52.2,54.3,56959,13,11,49
142,143,Austria,40.8,92.6,50.5,63.6,30.2,54.2,34651,20.5,25,67
143,144,United Kingdom,40.3,80.6,39,77.5,39.8,54.1,30144,15,27,54
144,145,United States of America,31.1,45.6,34.2,99.9,36.1,53.9,17404,22.7,1,53
144,146,Switzerland,30.9,89.2,45.6,76.2,56,53.9,11964,13.1,22,NA
146,147,Spain,40.3,50.3,40,83.8,34.9,53.8,30538,12.3,10,59
147,148,United States of America,38.8,43.4,37.5,87.3,37.9,53.3,23845,10.2,12,52
148,149,South Korea,43.3,33.9,40.5,75.9,100,53,9027,10,9,20
149,150,Australia,32.8,85.1,43.2,72.4,79.3,52.9,20771,30.1,26,48
149,151,United Kingdom,31.9,83.5,28.7,92.7,28.5,52.9,14992,14.7,28,58
149,152,Netherlands,34.1,80.1,45.6,68.8,91.2,52.9,6631,12,26,37
153,153,South Korea,51.4,36.7,53.5,53.8,97.5,52.8,24365,20.3,9,39
154,154,Netherlands,28.4,54.9,37.1,90.7,60.1,52.5,23280,16.3,6,56
155,155,Sweden,39,84.4,44.3,63.9,78.1,52.4,12062,14.6,21,30
156,156,Germany,42.2,53.1,38,75,68.5,52.3,43280,43.4,11,60
157,157,United Kingdom,32.8,85.4,30.9,85.9,36.6,52.2,18815,13.6,30,52
158,158,Germany,41.4,47.7,45.8,66.1,99.7,52.1,35487,37.4,12,42
158,159,United States of America,39.7,55.8,27.9,89,37,52.1,9390,4.5,26,49
160,160,Republic of Ireland,41.9,90.5,30.8,75.8,28,52,15521,18,25,57
161,161,Russian Federation,75.4,57.8,66.7,8.6,95.7,51.9,30822,7.7,20,43
161,162,United States of America,41.7,64,22.3,90.1,35.5,51.9,15286,5.7,14,50
163,163,United States of America,38.7,38.6,41.8,79.5,32.4,51.7,36429,12.7,8,52
164,164,Spain,32.9,63.3,28,90.7,37.2,51.2,10901,18.3,13,59
164,165,United Kingdom,39.3,85.1,37.3,69.9,34.2,51.2,12050,14.8,28,55
164,166,United States of America,44.8,28.5,23.7,92.8,NA,51.2,6753,5.5,7,53
167,167,United States of America,27.5,59.5,33.3,91.2,42.5,51.1,20626,22,12,51
167,168,United Kingdom,32.1,86.6,27.8,86,31.7,51.1,14541,13.4,35,54
167,169,Taiwan,54.1,27.7,58,47.3,49.6,51.1,31891,11.9,7,39
167,170,Denmark,37.3,85.1,29.9,77.8,50,51.1,9990,5,18,27
167,171,Belgium,38.7,74.2,40.6,68.4,51,51.1,28856,42,19,54
172,172,United Kingdom,29.7,91.4,31.4,82.6,43.1,51,12938,15.8,33,54
172,173,New Zealand,31.4,90.5,39.5,69.8,78,51,29787,18.9,28,54
174,174,Spain,38.5,49.2,37.4,78.9,31.1,50.9,47491,12.2,10,62
175,175,Germany,38.5,58.3,46.7,61.9,92.4,50.8,10930,59.1,12,54
176,176,Netherlands,34.3,71.3,41,70.7,57.3,50.6,8176,16,14,19
176,177,Republic of Ireland,35,86.3,38.5,70.8,33.5,50.6,22193,24.5,23,NA
178,178,Israel,45.8,55.6,41.4,64.6,31.9,50.5,17612,10.7,5,55
179,179,Canada,35.4,74.4,43.9,66.5,39.5,50.3,30726,24.2,14,45
180,180,Sweden,28.5,58.3,39.8,81.8,30.3,50.2,26420,16.4,12,NA
180,181,Italy,42.5,45.2,23.2,84.5,71.2,50.2,769,8.5,17,35
182,182,Norway,32.5,70,31.5,82.4,36.2,50.1,11623,11.1,12,60
182,183,United Kingdom,30.9,78.1,31.6,82,34.6,50.1,23347,13.1,23,57
182,184,United States of America,35.6,30.1,35.3,83.7,57.4,50.1,25674,16.9,9,45
185,185,United States of America,28.3,47,25.7,97.3,38.6,49.9,5495,12.6,22,55
185,186,United Kingdom,25.6,78.5,26.9,90.2,49.5,49.9,11628,15.3,25,60
185,187,Germany,34.6,50.9,35.8,79.1,47.9,49.9,26576,38.4,8,57
188,188,France,38.7,64.2,29,79.8,28.8,49.8,27603,15,17,NA
189,189,United States of America,32.4,31.9,38.1,84.6,32,49.7,83236,29.9,9,50
190,190,Belgium,31.6,64.8,40.8,71.7,60.3,49.6,12346,30.3,16,56
190,191,United States of America,34.1,60,29.3,83.3,46.8,49.6,13216,17.4,19,54
192,192,Germany,35.2,58.2,23.9,86.4,58.4,49.5,9187,11.2,10,47
193,193,Luxembourg,25,99.8,26.7,84.8,38.1,49.4,5144,15.9,52,50
193,194,United States of America,49.4,47.8,52.4,47.1,46.4,49.4,50657,21.4,9,47
195,195,Germany,37.3,61.1,22.2,83.8,68.4,49.3,6853,6.6,16,64
196,196,United Kingdom,30.9,84.3,27.5,81.5,34.7,49.2,20174,15.2,29,50
196,197,United Kingdom,25.6,69.5,18.1,100,37.7,49.2,2958,13.4,17,61
198,198,Italy,30.8,55.9,27.4,87.7,47.1,49.1,16841,43.2,8,51
199,199,France,30.5,64.9,22.9,91,29,48.9,27756,14.8,17,63
200,200,United Kingdom,34.1,93.4,33.3,68.9,35.7,48.8,17940,17.9,30,54
201-250,201,Denmark,25.1,71,28.4,73.8,43.7,NA,17422,15.9,15,48
201-250,202,United Kingdom,33.5,89.9,35.1,66.3,28.5,NA,9454,17.2,38,55
201-250,203,Italy,39.3,39.9,29.5,73,34.5,NA,85532,22.9,7,56
201-250,204,United States of America,36.5,60.6,37.9,62,43.8,NA,25668,19,19,47
201-250,205,Canada,33.9,70.1,36.7,67.8,52,NA,28341,16.5,17,53
201-250,206,Sweden,36.6,77.6,35.3,52.2,79.5,NA,8605,11.6,15,30
201-250,207,Hong Kong,32.1,81.6,26.7,76.8,50.1,NA,10015,7.1,28,51
201-250,208,Denmark,19.3,88.5,26.5,79.4,35.3,NA,18293,42.7,19,48
201-250,209,Canada,30.4,78.3,29.4,65.2,50.3,NA,15064,14.4,18,55
201-250,210,Germany,32.3,48.5,27,81.3,82.3,NA,36051,46.6,11,49
201-250,211,France,41.6,65.6,30,69,31.7,NA,2218,8,14,49
201-250,212,United States of America,38.5,41.6,40.1,64.7,32,NA,41226,31.8,7,55
201-250,213,Switzerland,32.3,87.4,32.9,64.1,60.8,NA,10416,46.9,19,58
201-250,214,China,44.7,38.6,30.4,61.1,28,NA,32175,12.2,11,50
201-250,215,United States of America,44.7,48.1,23.5,65.7,29.5,NA,20541,12,16,56
201-250,216,Germany,35.8,60.2,28.6,79.3,38.1,NA,31861,9.3,15,60
201-250,217,Unisted States of America,32,63.4,35.5,67.7,44.7,NA,NA,NA,NA,NA
201-250,218,Hong Kong,29.3,79,35.2,63.3,45.1,NA,22064,25.9,26,51
201-250,219,United States of America,40.9,58.1,29.2,63.2,38,NA,24313,9.2,17,53
201-250,220,United States of America,43,41.2,27.3,74.8,NA,NA,62468,13.6,13,53
201-250,221,United States of America,41,32.3,26.7,73.5,54.1,NA,27526,11.6,11,52
201-250,222,Germany,34.9,53.3,21.7,72.6,70.7,NA,35609,32.6,10,58
201-250,223,France,34.2,58.6,21.6,83.2,31.6,NA,16130,12.1,13,NA
201-250,224,Germany,32.3,49.4,20.5,89.5,NA,NA,24444,23.8,8,53
201-250,225,Canada,37.5,63.8,31.7,62.2,57.5,NA,27227,16.2,12,NA
201-250,226,Austria,26.6,81.7,14.6,89.1,33.9,NA,7426,2.9,28,50
201-250,227,United States of America,35.5,58.7,20.6,84,32.9,NA,18539,15.1,26,50
201-250,228,United States of America,27.8,21.4,15.7,96,44.6,NA,2838,1.1,3,65
201-250,229,New Zealand,30.7,89.9,30.5,74.9,31.5,NA,18600,20.3,21,57
201-250,230,Canada,37.1,69.9,36.7,61.5,41.5,NA,36733,26.3,15,60
201-250,231,France,24.6,49.1,28.8,83.3,29,NA,34691,26.9,15,63
201-250,232,Russian Federation,30.8,29.6,17.8,97.4,42.5,NA,17155,7.2,8,40
201-250,233,Italy,30.1,48.8,31.7,76.3,66.3,NA,30025,22.2,12,34
201-250,234,United Kingdom,26,81.7,27.8,74.9,45.5,NA,1819,10.9,18,77
201-250,235,United States of America,37.7,21.8,17.4,88.9,45.4,NA,1855,2.1,5,71
201-250,236,Italy,38,34.7,37.3,61.5,32.6,NA,120986,32.3,7,59
201-250,237,China,46.7,21.4,36.6,67.2,80.3,NA,14290,7.9,2,NA
201-250,238,United States of America,24.8,45.1,35.7,73.4,99.8,NA,31424,21.5,10,NA
201-250,239,United States of America,32.6,53.2,22,83,33.4,NA,21908,10.9,24,50
201-250,240,Germany,40,52.7,44.5,55.7,99.8,NA,24099,45.4,20,31
201-250,241,Sweden,31.5,40.1,32.8,68.1,99.9,NA,3879,4.6,NA,67
201-250,242,Germany,37.1,54.4,43.2,51.1,99.1,NA,20300,53.6,18,28
201-250,243,Australia,27,90.1,35.1,66.9,42.3,NA,24519,44.1,31,53
201-250,244,Israel,41,47.5,50.5,49.2,42.9,NA,23977,24.4,4,NA
201-250,245,United States of America,24.3,52.3,26.7,86.8,41.8,NA,16306,22.8,23,44
201-250,246,Netherlands,34.1,71.6,47.1,51.5,57.4,NA,7576,22.4,10,49
201-250,247,Japan,45.3,29.3,42.7,49.4,74.7,NA,17200,5,7,25
201-250,248,Japan,45.6,31.9,47.6,42.2,70.9,NA,9586,7.3,13,13
201-250,249,Canada,20.6,70.2,30,79,36.6,NA,17581,21.5,11,56
201-250,250,United States of America,34.6,24.2,19.5,94.8,42.5,NA,7326,4.6,5,51
201-250,251,Canada,38.6,73.6,32.4,59,59.7,NA,27387,20.7,16,54
201-250,252,United States of America,38.5,26.6,17.5,85,29.1,NA,7867,11.8,7,54
201-250,253,South Africa,26.2,68.4,31.5,76,99.7,NA,23321,18.6,9,56
251-300,254,Finland,31.1,65.4,32.8,62.1,61.6,NA,16099,24.2,17,32
251-300,255,France,36.7,63,22.1,64.9,33.1,NA,71749,45.5,13,61
251-300,256,United Kingdom,28.9,84.8,27.9,56.7,36.3,NA,12830,18.8,30,46
251-300,257,Germany,32.2,52.6,31.2,60.1,56.4,NA,12520,35.5,8,46
251-300,258,Germany,35.2,45.4,46.2,49.9,60.9,NA,21428,67.8,8,57
251-300,259,France,25.3,54.6,22,71.7,30.6,NA,51239,19.4,12,58
251-300,260,Australia,17.8,63.7,22.6,85.9,43.2,NA,5570,25.4,15,67
251-300,261,United States of America,28.5,35.5,30.3,71.8,83.7,NA,5287,18.2,12,26
251-300,262,United States of America,31.6,34.5,33,59.3,41,NA,26769,19,5,52
251-300,263,United States of America,23.7,41.6,34,70,98.7,NA,19262,15.9,10,56
251-300,264,Australia,21.4,64.7,25.7,69.5,41.7,NA,15655,22.6,15,63
251-300,265,United States of America,41.1,39.2,30.5,52.2,30.9,NA,33119,19.9,7,57
251-300,266,Australia,22.5,81.7,25.2,66.3,34.6,NA,30251,22,21,NA
251-300,267,Iceland,16.2,61,16.2,91.4,28,NA,13960,25.9,8,66
251-300,268,India,42.7,16.4,47.2,42.4,52.4,NA,3318,8.2,1,19
251-300,269,United States of America,31.2,35.4,29.4,61.5,54,NA,29991,17.4,11,44
251-300,270,Australia,19,70.4,22.8,81.4,40.7,NA,11713,21.9,11,63
251-300,271,Germany,32.9,46.8,33.9,52.9,46.4,NA,25682,53.9,9,62
251-300,272,Saudi Arabia,23.9,93,11.8,76.6,73.1,NA,35889,8.4,21,57
251-300,273,Turkey,21.2,53.5,27.1,74.9,82.4,NA,4488,14.6,8,52
251-300,274,South Korea,43.9,40.2,43.4,41.8,99.8,NA,24043,15.8,14,NA
251-300,275,Belgium,29.1,69.7,36.6,46.5,98.9,NA,20951,25.9,23,54
251-300,276,Sweden,24.2,57.7,18.9,76.8,42.1,NA,17866,7.7,10,52
251-300,277,China,37.2,50.4,32.2,54.2,58.6,NA,29743,13.3,10,46
251-300,278,Taiwan,37.7,23.2,36.6,53,49.5,NA,10221,13.5,5,33
251-300,279,Republic of Ireland,27.3,76.5,25.4,68.5,41.9,NA,14067,26.8,14,56
251-300,280,Australia,27.4,75.9,26.5,67.2,64.4,NA,23508,21.9,18,56
251-300,281,United States of America,36.1,49,30.5,60,40.7,NA,30533,13.6,11,44
251-300,282,United States of America,30.6,42.8,28.5,63.8,32.1,NA,22578,16.8,9,47
251-300,283,Japan,46.8,26.6,45.2,37.4,76.1,NA,23144,7.8,9,31
251-300,284,Canada,35.8,61.6,35.8,54.4,54.2,NA,20488,22.1,10,58
251-300,285,Australia,28.8,76,35.6,56,73.7,NA,33391,35.8,17,54
251-300,286,United States of America,30.4,40.3,31.5,65.1,79.6,NA,6671,15,16,30
251-300,287,Republic of Ireland,29.9,90.1,20.1,65.3,33.9,NA,2473,15.6,63,55
251-300,288,Germany,32.8,51.7,30,54.4,66.6,NA,38675,46.3,13,48
251-300,289,United States of America,36.9,26.6,10.9,85,29.9,NA,11919,5.8,8,58
251-300,290,Brazil,59.1,25.3,57.1,20.4,30.5,NA,81402,14.6,4,48
251-300,291,Canada,23.2,61.4,29.2,72.8,42.3,NA,26640,28.3,19,55
251-300,292,United Kingdom,31.7,90.4,28.9,51.2,34.9,NA,12063,16.6,38,55
251-300,293,United States of America,31.4,38.3,20.8,77.1,36.3,NA,19660,15.9,15,55
251-300,294,Australia,21.8,79.1,25.7,68,42.7,NA,18340,23.8,21,57
251-300,295,United States of America,29.5,39.3,23.2,81.4,41.3,NA,24716,17,5,NA
251-300,296,Russian Federation,31.6,32.7,15.1,82.4,60.2,NA,11902,6.9,17,39
251-300,297,United States of America,39.1,35.3,19.3,67.8,32.4,NA,11381,8.4,8,56
251-300,298,Sweden,20.8,56.1,25,74.5,31.1,NA,16667,11.9,7,60
251-300,299,Austria,34.1,77.3,32,54.6,86.5,NA,26419,52,27,27
251-300,300,United States of America,34.9,29.5,38.2,54.2,43.3,NA,30850,18.6,10,42
251-300,301,Australia,25.8,86.8,28.4,59.3,57.9,NA,16489,25.4,24,50
251-300,302,China,44.3,19.6,46,36.1,96.2,NA,47508,15.9,5,41
301-350,303,United Kingdom,21.6,72.2,18.9,67.2,31.3,NA,9252,19.2,18,48
301-350,304,United States of America,25.1,53.5,23.1,63,51.2,NA,3837,8.2,7,53
301-350,305,Spain,35.6,48.6,30.9,46.9,33,NA,28296,13,15,56
301-350,306,United Kingdom,22.6,81.3,22.1,65.4,31,NA,9567,19.5,22,55
301-350,307,Germany,30.9,50,32.7,50,46,NA,18590,25.6,11,50
301-350,308,United States of America,31.3,28.3,20.4,72.1,35.3,NA,36108,15.7,6,54
301-350,309,United States of America,35.9,43.1,25.6,57,30.9,NA,25742,13,11,51
301-350,310,Australia,22.4,76.9,21.9,66.8,30,NA,32713,30.4,17,60
301-350,311,United Kingdom,33.9,93.7,33.3,38.6,28.9,NA,12695,19.8,39,55
301-350,312,United States of America,29.6,36.9,21.2,64.9,29.1,NA,26622,17,7,54
301-350,313,Germany,30.1,41.7,23.5,61.3,32.6,NA,10931,24,6,55
301-350,314,South Korea,35.2,36.2,42,43.7,45.2,NA,1394,9.6,8,25
301-350,315,Germany,30.9,50.3,33.8,51.5,52.8,NA,9163,41.2,13,56
301-350,316,Austria,23.6,95.7,16.9,67.3,39.9,NA,18209,16.9,39,54
301-350,317,Russian Federation,21.9,25.5,12.3,87.5,42.4,NA,23321,12.2,6,69
301-350,318,United Kingdom,24.6,87.2,19.1,60.9,28.8,NA,17638,14.4,27,53
301-350,319,Germany,36.5,43.2,36.9,39,69.6,NA,22401,62.7,12,41
301-350,320,Australia,28.5,90,27.2,52.3,33.1,NA,27930,20,44,55
301-350,321,United States of America,25.4,30.4,12.1,85.2,31.8,NA,1211,0.6,5,48
301-350,322,Italy,30.5,37.7,24.2,64.8,40.9,NA,58618,24.3,5,60
301-350,323,Italy,24.3,34.3,25.5,65.8,46.6,NA,33370,72.5,5,60
301-350,324,France,38.7,54.4,16.7,59.5,31.9,NA,36731,18.4,14,51
301-350,325,Japan,40.8,27.4,38.9,40.1,91.4,NA,15529,7.9,10,29
301-350,326,Italy,24.7,21.1,14.8,81.3,47.4,NA,83653,64.2,1,NA
301-350,327,Taiwan,32.9,32,45.4,34.2,96.9,NA,12646,16.6,5,27
301-350,328,Russian Federation,43.9,27.5,24.1,52.8,28.1,NA,7801,7.3,7,29
301-350,329,Taiwan,31.7,30.5,43.1,39.1,92.2,NA,7446,17.4,11,34
301-350,330,Spain,31.9,52.6,20.8,57.5,63.5,NA,11259,10.6,16,52
301-350,331,United States of America,30.1,45.8,30.2,53.5,35.6,NA,21789,16.4,9,46
301-350,332,Sweden,18.3,39.4,10.4,87.8,29.8,NA,8788,15.8,2,61
301-350,333,United States of America,21.2,33.5,22.7,72.6,30.8,NA,24418,20.2,11,52
301-350,334,Italy,25.7,37.9,22.6,74.6,32.6,NA,62577,18.3,4,56
301-350,335,Italy,25,40.5,22.5,65.1,69.4,NA,22958,40.6,6,56
301-350,336,United Kingdom,19.3,64,18,75.2,28.5,NA,24121,25.9,13,52
301-350,337,China,37.8,27.5,45.2,34,92.9,NA,38191,12.8,6,37
301-350,338,Denmark,19.2,71.8,14.7,79.7,28,NA,22210,12.7,16,52
301-350,339,South Africa,28.2,49.8,35,46.9,100,NA,21849,23,8,53
301-350,340,France,25.5,71.6,23.4,64.4,32.8,NA,46208,17.8,21,58
301-350,341,Germany,34.2,40.8,29.8,55.3,48.6,NA,29143,88.9,10,47
301-350,342,Israel,30.8,61.9,33.3,52.1,28.8,NA,13855,19.4,4,35
301-350,343,France,18.6,66.7,35.7,56.3,32.5,NA,19011,43.8,19,59
301-350,344,Italy,26.5,47.3,18.5,74.1,32.3,NA,18135,25.8,9,56
301-350,345,Italy,27.4,38.8,22.3,67.5,54.2,NA,67552,66,6,62
301-350,346,Finland,27.1,66.2,21.2,65.8,31.2,NA,12326,14.6,5,61
301-350,347,Belgium,28.7,64.5,24.5,56.8,77.1,NA,9020,17.1,16,55
301-350,348,Czech Republic,18.8,22.3,15.7,85.5,32.1,NA,14991,23.9,5,49
301-350,349,South Korea,37.2,41.5,34.1,39.4,75.9,NA,24774,11.6,14,NA
301-350,350,Canada,30.2,58.2,30.8,49.1,33.2,NA,48007,39.4,9,59
351-400,351,Turkey,22.6,47.5,17.5,64.1,30.2,NA,NA,NA,NA,NA
351-400,352,United States of America,22.7,53.6,17.4,62,34,NA,15799,23.3,14,48
351-400,353,Greece,18.6,47,19.2,73.6,34.5,NA,14650,26.9,5,63
351-400,354,Cyprus,18,74.7,28.5,56.7,30,NA,6880,22.9,8,69
351-400,355,United States of America,31.2,46.3,14.6,57.7,36.3,NA,20713,10.8,18,48
351-400,356,Finland,24.8,46.1,20.7,65.1,33.3,NA,10798,17.3,6,64
351-400,357,Italy,21.7,38.5,20.4,72.1,35.9,NA,54290,17.2,7,59
351-400,358,Switzerland,25.8,97.6,11.2,53.5,41.8,NA,6848,10.8,34,32
351-400,359,Austria,26,69.3,15.8,52.9,77.2,NA,7542,12.5,16,22
351-400,360,Canada,28,53.6,34.2,44.4,47.4,NA,21643,28.3,4,60
351-400,361,South Korea,33.9,54.3,32.6,31.1,87.9,NA,16729,10.4,19,NA
351-400,362,Hong Kong,22.6,75,12.1,67.9,28.8,NA,10441,11,25,61
351-400,363,United States of America,34.9,33.9,26.5,52,42.3,NA,40325,43.7,9,50
351-400,364,India,37.8,17.7,28.6,48.5,42.3,NA,8327,14.9,1,16
351-400,365,Portugal,22.2,43.7,25,59.8,38.8,NA,11778,16.9,9,27
351-400,366,Finland,28.2,47.1,25.5,55.5,34.2,NA,9703,15.2,5,62
351-400,367,Australia,27,78,28.5,45.4,43.7,NA,22037,29,27,63
351-400,368,United Kingdom,31.2,72.9,32.2,41.3,36.6,NA,13951,15.9,22,38
351-400,369,Canada,27.1,57.8,26.9,49.7,41.8,NA,28576,27.8,11,55
351-400,370,United States of America,31.2,31,21,60.2,31.1,NA,29885,14.1,5,53
351-400,371,Italy,18.7,34.2,15.6,72.9,32.3,NA,19693,25.3,6,54
351-400,372,United States of America,30.8,21.5,13.6,65.5,31,NA,12470,15.2,3,54
351-400,373,Republic of Ireland,24.6,75.6,22.8,50.2,36.6,NA,7653,28,11,55
351-400,374,United States of America,37,37.7,13.3,64.4,33.6,NA,2857,2.6,8,67
351-400,375,United States of America,25.6,28.6,15.4,74.5,37,NA,NA,NA,NA,NA
351-400,376,Norway,16.3,59.9,25.8,59.8,51.8,NA,17381,13.9,9,46
351-400,377,Finland,23.1,56.9,15.9,62.3,30.9,NA,14056,8.5,6,49
351-400,378,France,53.2,47.6,47.6,6.8,28.3,NA,42215,34.3,20,59
351-400,379,Italy,23.7,50.6,18.6,65.9,42.5,NA,27709,19.6,16,29
351-400,380,Italy,23.1,35.9,21,64.8,37.5,NA,36353,61.2,5,59
351-400,381,Turkey,22.3,42.7,32.3,52.8,70,NA,2739,15.9,6,39
351-400,382,United States of America,20.3,25.9,27,62.7,29.3,NA,27420,31.7,5,57
351-400,383,Australia,26.4,89,26.7,41.2,85.9,NA,18971,26.2,32,59
351-400,384,United States of America,31.1,24.5,21.5,58.7,30.3,NA,29336,16.3,1,55
351-400,385,United States of America,29.3,17.1,12.1,70.4,28,NA,8003,17.1,2,61
351-400,386,Brazil,44.6,21.1,42.3,22.6,49.4,NA,27095,15.3,3,48
351-400,387,United Kingdom,22.6,77.7,23.5,59.1,30.4,NA,7828,15.9,22,61
351-400,388,China,31.9,37,24.6,45.7,79.4,NA,51351,16.6,8,51
351-400,389,United Kingdom,22.2,72.4,23.8,58.2,32.7,NA,12801,17.1,20,49
351-400,390,Australia,21.5,84.8,20.2,53.4,32.2,NA,20314,36.5,33,44
351-400,391,Estonia,23.8,46.1,22.8,64.2,31.5,NA,10269,13,3,66
351-400,392,United States of America,34,28.6,18.2,58.3,41.6,NA,33268,13.3,5,51
351-400,393,United States of America,18.1,29.6,16.6,74.9,28.6,NA,27520,26.9,6,48
351-400,394,Norway,26.5,66.1,18.7,58.8,36.8,NA,10398,12.2,10,60
351-400,395,Belgium,26.1,84.5,28.3,47.9,39.1,NA,23819,26.1,32,54
351-400,396,France,15.1,39.4,9.5,81.7,31.5,NA,26894,38.5,8,58
351-400,397,Republic of Ireland,28.6,75.5,23.8,48.4,47.1,NA,15805,22.3,15,55
351-400,398,Italy,23.6,38.3,13.1,76.1,36.6,NA,25250,19.7,7,65
351-400,399,New Zealand,26,88.8,28.7,44.3,45.6,NA,17142,21.1,21,55
351-400,400,United States of America,29,39.6,28.2,49.6,57.1,NA,24550,18.3,7,50
351-400,401,United States of America,31.9,29.6,14.2,65.3,41.7,NA,23065,10.7,7,57
401-500,402,United States of America,42.2,28.9,16.5,41.1,35.9,NA,11604,12,12,60
401-500,403,Unted Kingdom,18.4,92.5,20.4,51.9,34.6,NA,NA,NA,NA,NA
401-500,404,Portugal,24.8,45.9,26.5,43.6,40.1,NA,10791,17.8,10,51
401-500,405,Italy,28.7,31.7,21.6,48.8,45.4,NA,51560,65.1,2,65
401-500,406,Israel,22.6,49.4,21.3,42.3,28.9,NA,17503,16,5,59
401-500,407,United Kingdom,32,70.6,12.6,35.2,28.8,NA,14907,25.9,18,53
401-500,408,Italy,15.6,36.6,14.8,72.3,35.8,NA,14076,25,7,48
401-500,409,Czech Republic,18,35.8,14.7,55.8,33.7,NA,23694,21.3,15,27
401-500,410,United Kingdom,24.8,91.8,23.3,39.5,34.7,NA,12613,17.6,38,46
401-500,411,Italy,23.9,38.1,27.8,48.9,32.3,NA,19267,38.3,7,66
401-500,412,Italy,19.4,32.6,13.2,56.8,33.6,NA,30638,51,1,62
401-500,413,New Zealand,23.5,91,22.5,38.9,52.1,NA,12187,16.5,20,51
401-500,414,Italy,18.6,39,11.3,55.4,38.7,NA,30304,18.9,10,NA
401-500,415,Czech Republic,31.5,52.8,21.5,41,28.2,NA,51438,13,15,62
401-500,416,Taiwan,24,25.7,29.4,45,60.4,NA,7983,15.4,8,53
401-500,417,United Kingdom,23.5,89.6,21.2,43.5,28.9,NA,13053,17.8,50,55
401-500,418,France,21.3,50.5,13.2,66.5,34.5,NA,35308,16.1,11,50
401-500,419,Portugal,28.3,46.2,26.5,42.4,34.8,NA,22795,19,11,55
401-500,420,Spain,33.2,39.1,27.6,31.2,30.9,NA,86519,17.5,13,62
401-500,421,Canada,19.3,77.4,23.4,36.4,30.9,NA,31017,30.3,27,50
401-500,422,Australia,20.1,93.1,20.2,44.6,37.8,NA,30333,17.1,38,53
401-500,423,Republic of Ireland,26.1,76.7,25.2,36.3,51.7,NA,8546,22.9,17,51
401-500,424,China,24.1,21.7,17.1,46.4,64.7,NA,27140,15.5,5,NA
401-500,425,South Korea,23.9,34.3,18.3,50.4,57.6,NA,17625,14.4,6,100
401-500,426,Chile,17.2,54.1,10.1,70.5,35.1,NA,11718,34,2,24
401-500,427,Italy,17.7,41.8,17.2,63.3,35.9,NA,18882,30.2,7,56
401-500,428,United States of America,25.7,32.8,18.1,49.4,32.7,NA,32566,25.9,7,56
401-500,429,Italy,27.2,38.8,14.2,59.3,42.3,NA,37373,29.5,9,56
401-500,430,United States of America,26.3,29.5,19.5,52.9,28.7,NA,28534,20.4,5,59
401-500,431,Austria,24.9,68.9,16.3,53.3,29.3,NA,20584,26.8,12,65
401-500,432,United Kingdom,23.4,90.1,22.4,36.4,45.6,NA,8773,17.8,43,41
401-500,433,Japan,40.3,27.9,32.8,29.3,53.7,NA,18162,8.2,9,29
401-500,434,United States of America,38.8,30.3,11,44.5,NA,NA,10297,6.8,5,65
401-500,435,United Kingdom,22.4,73.2,16.1,41.1,31.8,NA,15141,18.7,20,52
401-500,436,United States of America,28.3,32,19.4,40.8,32.4,NA,11641,21.5,6,47
401-500,437,India,35.8,15.5,25.8,33.4,62.8,NA,8371,17.3,1,18
401-500,438,India,33.2,13.3,30.5,41.4,31.7,NA,9928,17.5,0,15
401-500,439,India,34.6,16.1,20.7,31.4,88.9,NA,8234,15.9,1,19
401-500,440,Greece,14.5,36.9,17.7,56.4,32.9,NA,20825,36.3,4,58
401-500,441,Iran,25.9,12.2,26,42.3,61.2,NA,10311,23.9,0,24
401-500,442,Austria,19.2,58.5,13.8,51.6,37.4,NA,19646,29.1,10,48
401-500,443,Germany,29.6,44.1,22.6,47.5,80.2,NA,14184,54.4,14,36
401-500,444,United Kingdom,20,72.7,17.6,53,29.3,NA,8397,15.7,20,55
401-500,445,South Africa,20.3,58.6,25.7,41.5,38.2,NA,30572,24.9,6,58
401-500,446,South Korea,26.1,46.4,27.6,39.2,89.4,NA,24356,17.4,14,NA
401-500,447,Japan,36.5,26.4,27.5,31.8,83.2,NA,18925,6.7,8,28
401-500,448,United States of America,23.9,36,15,58.2,38.9,NA,6300,11.3,15,44
401-500,449,United States of America,26.8,26.1,27.7,37.8,NA,NA,28116,20.1,6,52
401-500,450,Macau,18.5,98.4,17,49.7,34.9,NA,8521,14.9,31,58
401-500,451,Uganda,15.1,58,10.6,70.7,28,NA,37340,29.4,9,50
401-500,452,Italy,15.2,27.3,11,80.2,28,NA,16589,23,4,45
401-500,453,United States of America,21.3,28.2,18.2,61.3,31.7,NA,13908,18.1,7,46
401-500,454,Australia,18.7,88.3,19.6,51.2,36.5,NA,16606,32.8,43,59
401-500,455,France,19.6,35.1,12.2,69.4,NA,NA,33866,22.2,11,56
401-500,456,Greece,26.7,39,16.3,45.8,NA,NA,63052,32.3,9,61
401-500,457,Mexico,42.7,35.9,40.2,14.8,63.7,NA,137378,11.6,5,51
401-500,458,Taiwan,29.8,27.7,40.2,27.2,100,NA,21234,14.4,11,36
401-500,459,France,27,63.6,10.6,41.8,40.3,NA,6137,8.2,31,31
401-500,460,Taiwan,41.5,15.8,18.5,33.3,30.2,NA,4496,5.4,2,48
401-500,461,Switzerland,24.2,91.4,14.7,48.2,NA,NA,4358,8.5,22,59
401-500,462,Portugal,26.9,44.5,21.9,38.3,41.3,NA,18867,17.9,7,49
401-500,463,France,21.4,79.5,16.1,53.7,28.5,NA,27304,20.3,22,56
401-500,464,Russian Federation,41.4,32.4,30.8,26.2,38.2,NA,7131,7.1,13,52
401-500,465,United Kingdom,21,51.5,13.8,60.3,28.4,NA,76683,35.9,9,61
401-500,466,United Kingdom,25.7,68.9,18.8,42.7,28.4,NA,14238,18.5,25,57
401-500,467,Italy,15.3,23.6,9.1,77.4,28,NA,43875,22.4,1,60
401-500,468,Italy,17.7,36.8,16.6,56.4,37.1,NA,26937,29.1,7,56
401-500,469,Italy,21.6,31.1,18.9,64.5,31.4,NA,47247,18,4,52
401-500,470,Spain,25.2,63.9,14.8,44.7,40.9,NA,22893,11.7,28,12
401-500,471,Chile,28.2,52.4,21.3,37,28,NA,25075,15.3,7,NA
401-500,472,Portugal,32,45.4,28.2,37.2,38.7,NA,32720,18.8,9,54
401-500,473,United Kingdom,17.2,79.3,10.9,58.2,28.9,NA,20161,19.1,23,45
401-500,474,Australia,24.7,82.1,17.7,44.6,37,NA,29501,18.1,25,47
401-500,475,Italy,23.5,36.5,17.2,64.5,34.7,NA,33504,26.5,6,52
401-500,476,Spain,20.8,41.5,14.8,66.9,30.9,NA,12533,12.8,9,61
401-500,477,Russian Federation,47.9,33,31.4,14.5,29.5,NA,20836,5.2,7,60
401-500,478,Italy,29.6,24.5,13.2,53,36.2,NA,19959,58.4,1,64
401-500,479,United States of America,34.2,40.1,12.9,43.8,28.6,NA,10788,17,17,63
401-500,480,Canada,30.8,52.9,22.4,39.7,62.9,NA,19028,16.3,14,57
401-500,481,Iran,26.6,15.9,30.1,33.7,87.8,NA,10977,18.7,0,27
401-500,482,Italy,23.7,39,17.8,45.2,33.2,NA,18846,23.6,5,59
401-500,483,Australia,18.9,52.7,18.3,53.3,37.7,NA,9026,32.8,15,66
401-500,484,United States of America,25.6,31.4,35.3,35.5,28,NA,15387,18.5,8,51
401-500,485,United Kingdom,25.9,71,28,31.8,44.1,NA,15705,20.2,20,50
401-500,486,Finland,23.5,41.9,13.7,63.7,40,NA,10045,9.5,4,66
401-500,487,Finland,23.1,54,17.2,45.5,67.5,NA,6147,15.5,13,23
401-500,488,Japan,39.3,23.1,18.3,36.6,59.5,NA,2872,3.3,7,51
401-500,489,Japan,21.6,19.9,11.4,72.2,30.9,NA,9303,9.9,4,35
401-500,490,Japan,40,34.4,30,33.7,42.9,NA,15930,12.6,16,38
401-500,491,South Korea,19.5,18.6,20.5,54,64.7,NA,14037,13.3,3,NA
401-500,492,United Kingdom,19.1,79,13.2,44.1,29.2,NA,19622,15.8,15,55
401-500,493,Canada,26.8,42.9,24.5,41.6,29.2,NA,27046,24.7,9,61
401-500,494,Malaysia,26.3,51.7,14.6,44.7,31.1,NA,16270,9,13,43
401-500,495,Italy,17.2,35,8.7,66.8,31.2,NA,13435,37.4,7,61
401-500,496,Spain,22.7,40.5,16.9,49.6,31.3,NA,58413,15.4,9,60
401-500,497,New Zealand,19.3,87,18.2,53.7,30.7,NA,10159,17,25,57
401-500,498,Australia,20.1,54,24.6,52.3,30.7,NA,30704,32.2,9,56
401-500,499,China,38.2,36.7,26.8,18,97.8,NA,46227,14.4,7,NA
401-500,500,China,26.7,25,15.6,47,NA,NA,32921,12.3,5,52
501-600,501,Lebanon,27.7,93,11.2,31.9,NA,NA,7695,8.9,25,51
501-600,502,Iran,24.5,7.7,25.7,34.8,55.7,NA,14080,25.6,1,34
501-600,503,Colombia,21.2,51.7,13.8,31.2,28,NA,15773,16.9,2,44
501-600,504,United States of America,25.5,25.9,17.4,30.3,36.9,NA,22819,21.2,5,50
501-600,505,United States of America,30.2,27.9,19.4,21,37.2,NA,22386,17.6,4,51
501-600,506,Romania,27.9,35.4,12.5,32.1,28.6,NA,37915,23.5,2,67
501-600,507,Spain,18.2,34.9,11.9,43.1,30.3,NA,46373,15.3,5,53
501-600,508,Russian Federation,44,15.6,23.7,3.1,68.1,NA,18808,4,4,23
501-600,509,Israel,25.1,52.9,21.3,30.1,28.7,NA,16695,12.6,2,49
501-600,510,France,20.2,66.6,2.9,46.9,NA,NA,15619,7.1,17,55
501-600,511,Turkey,21.2,38.3,17.2,45.4,35.5,NA,11506,25,7,50
501-600,512,France,21.4,50.9,8.8,46.3,NA,NA,26612,20.8,11,54
501-600,513,Australia,18.4,54.6,19.3,29.8,36.2,NA,11221,28.6,24,54
501-600,514,Canada,19.9,61.3,24,32,30.4,NA,25036,29.8,18,47
501-600,515,Italy,19.2,25.3,15.9,52.9,29.5,NA,55859,49.7,1,61
501-600,516,Australia,20.9,50.8,11.4,43.7,32.5,NA,11452,29.6,27,59
501-600,517,Chile,28.3,44.1,19.6,30.5,NA,NA,29207,14.2,3,47
501-600,518,China,35.8,17.6,24.9,22.6,52.3,NA,19342,12,1,57
501-600,519,South Korea,29.9,43.7,27.6,17.4,61.3,NA,13015,17.4,17,45
501-600,520,Czech Republic,20.6,25,9.3,46.5,28.2,NA,22751,12,NA,NA
501-600,521,United Kingdom,16.8,58.4,10.1,40.1,28.5,NA,16812,19.1,21,57
501-600,522,China,24.6,30.6,14.7,43.3,42,NA,29623,14,11,63
501-600,523,Australia,18.9,68.7,16.1,35,34.5,NA,27491,16.1,16,61
501-600,524,Brazil,32.4,25.1,19.7,18.3,42.9,NA,52878,12.8,2,54
501-600,525,Spain,24.3,36.4,14.7,45.8,29.4,NA,53476,16,6,56
501-600,526,Israel,25.5,34.7,29.5,26.2,30.3,NA,17758,30.8,1,65
501-600,527,China,29.4,25.6,27.3,15.7,99.8,NA,31658,10.8,7,29
501-600,528,United Kingdom,15.5,78.9,9.5,50.5,29.3,NA,19665,19.4,27,54
501-600,529,Japan,27.8,22.2,18.9,41.7,42.2,NA,14686,8.2,5,36
501-600,530,China,29.3,17.3,22.7,31.6,71.8,NA,57242,17.7,4,34
501-600,531,India,24.3,12.9,20.7,42.6,32.3,NA,4710,14.2,1,14
501-600,532,India,33.1,16.4,15,31.5,28,NA,6167,12.2,0,13
501-600,533,India,29.7,13.9,17.5,37.2,81.4,NA,8061,18.7,1,17
501-600,534,Iran,18.1,17.2,23,39.5,99.5,NA,10964,26.5,1,39
501-600,535,Turkey,19.2,22.9,25.8,26.5,72.1,NA,34550,16,5,34
501-600,536,India,32.8,7.7,22.2,31.8,33.8,NA,10697,16.1,0,30
501-600,537,Japan,24.7,18.4,14.8,35.5,30.4,NA,10546,10.4,5,36
501-600,538,United States of America,22.9,41.7,17.5,39.3,43.1,NA,21379,15.1,10,50
501-600,539,Japan,25,22.7,17.5,28.5,41.4,NA,33751,11.9,5,32
501-600,540,United States of America,18.4,32.4,14.2,53.8,28.5,NA,23122,19,8,58
501-600,541,Saudi Arabia,25.4,84.5,16.1,24.4,81.2,NA,6898,7.1,20,NA
501-600,542,Saudi Arabia,20,75.5,17.5,22.3,57.4,NA,40666,13.4,7,NA
501-600,543,Spain,16.9,44.7,10,44.8,28.5,NA,22422,14.9,5,58
501-600,544,Finland,27.1,53,27.5,20.8,80.3,NA,3486,23.9,19,31
501-600,545,Republic of Ireland,19.8,76.5,16.3,36.6,34,NA,12212,19.8,13,46
501-600,546,Portugal,25.9,46.6,18.3,32.4,35.4,NA,47849,17.5,9,51
501-600,547,United Kingdom,16.4,62.1,11.6,45.9,28.8,NA,18513,19.8,13,52
501-600,548,Thailand,26.8,44.1,15.1,28.3,71.6,NA,27402,7.5,3,63
501-600,549,United Kingdom,22.7,57.8,10.6,30.8,28.3,NA,28037,18.2,14,57
501-600,550,Slovenia,17.1,33.6,11.5,42.1,38.7,NA,14531,17.3,4,NA
501-600,551,Czech Republic,21.2,48.9,22.9,27.8,28.5,NA,40898,26.6,17,62
501-600,552,New Zealand,23.1,80.5,17.1,31.9,35.8,NA,19101,16.8,15,62
501-600,553,Canada,18.1,53.3,15.8,35.6,48.3,NA,15464,14.6,10,59
501-600,554,Turkey,29.9,26.7,17.3,28.8,60,NA,25779,22.2,7,44
501-600,555,Portugal,23.9,43.6,20.1,35.3,51.6,NA,19090,18.8,9,52
501-600,556,United States of America,23.5,40.6,18.4,28.7,52.8,NA,7647,15.5,12,23
501-600,557,United States of America,17.7,23.5,21.8,48,43,NA,12331,17.8,4,46
501-600,558,Mexico,23.9,59.6,12.7,23.4,75.8,NA,14353,20.5,12,40
501-600,559,Taiwan,26.3,27.1,23.2,17.5,75.3,NA,10915,9.8,6,31
501-600,560,Taiwan,26.1,19.7,33,25.8,44.3,NA,9336,19.6,4,37
501-600,561,Taiwan,26.2,38.1,31.3,16.2,81.9,NA,11072,13,19,57
501-600,562,Greece,20.2,31.3,15,36.2,40.3,NA,14780,26.9,7,36
501-600,563,United States of America,18.9,48.5,16.6,32.2,32.2,NA,10646,26.2,17,25
501-600,564,United States of America,19.5,30.5,19.2,47.2,34.6,NA,15035,18.8,7,54
501-600,565,United States of America,18.2,17.4,15.3,43.1,28.9,NA,16446,19.2,2,66
501-600,566,United States of America,27.5,25.6,22.7,33.1,33.7,NA,21270,21.4,7,49
501-600,567,Japan,26.3,21.3,13.4,34.4,40.7,NA,8604,10.1,4,36
501-600,568,Germany,22.9,43.9,14.4,39.7,37.7,NA,14104,13.1,13,42
501-600,569,Spain,19.5,36.2,10.8,41.9,34.1,NA,24210,13.7,5,54
501-600,570,Czech Republic,19.2,48.8,11.8,42.9,28.7,NA,18540,11.4,9,70
501-600,571,India,24.6,14.1,8.8,41,28.1,NA,16691,23.9,1,46
501-600,572,France,21.9,69.3,11.1,27.6,30.6,NA,9565,15.4,28,53
501-600,573,Brazil,24.5,31.3,24.1,23.1,100,NA,14300,21.2,3,49
501-600,574,United States of America,16.8,31.6,14.4,43.3,44.6,NA,20398,22.2,8,54
501-600,575,South Africa,25.6,46,21.2,17.5,52.4,NA,37314,20,8,57
501-600,576,South Korea,27.5,32.9,24.7,20.4,66.8,NA,24929,19.7,12,51
501-600,577,Pakistan,17.9,35.4,9.9,45.6,NA,NA,12688,25.7,0,53
501-600,578,Canada,15.6,47.7,15.8,34.2,34.4,NA,11550,22.8,12,61
501-600,579,China,34.7,40.1,13.7,30.7,42.5,NA,24954,12.7,6,NA
501-600,580,France,17.8,53,10.3,44.7,31.7,NA,22186,13.9,12,50
501-600,581,Spain,26.1,40.8,16.9,25.9,31.6,NA,31035,17.9,12,58
501-600,582,Spain,22.9,37.1,14.1,46.9,32.3,NA,29085,15.3,6,63
501-600,583,Hungary,19.6,81.7,10.6,41.5,30.7,NA,12920,10.9,25,64
501-600,584,Spain,21.5,32,14.9,32.6,36.7,NA,64931,17.5,7,55
501-600,585,Canada,25.6,39.8,9.5,41.3,29.6,NA,13438,5.4,5,54
501-600,586,China,19.2,16,13.7,45.8,75.3,NA,36465,12.9,2,78
501-600,587,China,19.5,17.5,22.1,28.1,86.8,NA,41438,17.7,3,33
501-600,588,Estonia,16.3,37.9,15,38.7,44.8,NA,14061,28.6,5,44
501-600,589,Iran,51.8,14.1,20,9.3,30,NA,13912,9,1,62
501-600,590,United States of America,20.1,50.3,10.1,50.9,33.4,NA,29396,10.5,10,60
501-600,591,China,36.5,14.7,34.4,12.2,100,NA,29693,12.2,1,NA
501-600,592,Japan,34.9,19.4,24.1,16.9,39.9,NA,5865,14.4,5,27
501-600,593,United States of America,31.6,37.7,13.4,29.9,32.9,NA,19465,17.5,9,50
501-600,594,China,28.9,37.2,29.2,13.1,63.5,NA,37394,13.5,10,38
501-600,595,United States of America,29.7,43.8,12.9,24.6,71.7,NA,4597,12.5,25,43
501-600,596,United Arab Emirates,18.8,95,14.8,21.7,30.1,NA,9221,12.5,26,76
501-600,597,Poland,26.1,41.6,15.8,42.2,28.5,NA,49292,14.1,7,67
501-600,598,United States of America,17.3,26,13.8,45.5,29,NA,22542,18.4,5,52
501-600,599,China,28.7,25.8,22.5,25.5,70.4,NA,29863,12.3,4,34
501-600,600,Spain,20.1,33.5,12.7,49.5,36.7,NA,31046,11.8,5,55
601-800,601,Spain,18.3,23.4,10,16.6,38.2,NA,17062,13,2,52
601-800,602,Poland,20,25.7,11,15.3,28.7,NA,40633,15.6,1,71
601-800,603,Poland,14.2,17.9,3.7,35.7,NA,NA,35569,17,1,NA
601-800,604,South Korea,19.5,20,11.9,23.9,45.7,NA,12706,11.3,2,33
601-800,605,Spain,17.6,50,11.2,28.3,43.3,NA,30812,25.1,18,53
601-800,606,Egypt,20.3,33.7,8.2,14.1,29.7,NA,127431,23.3,1,46
601-800,607,Romania,24.9,46.9,13.6,7,28.2,NA,25724,33,5,63
601-800,608,India,28.3,18.7,10,20.9,29.6,NA,11197,10.5,2,17
601-800,609,United Arab Emirates,12.4,95.6,10.6,13.3,33.3,NA,5226,14.1,82,48
601-800,610,India,20.4,29.6,5.8,20.7,28,NA,17273,6.6,8,NA
601-800,611,Turkey,12.2,14.3,22.6,10.9,100,NA,379231,162.6,1,78
601-800,612,India,34.8,7.2,6.9,1.2,31.3,NA,10407,20.2,3,36
601-800,613,Colombia,18.1,42,21.1,14.8,43.6,NA,38872,23,1,50
601-800,614,Greece,22.6,36.6,15,29.5,33.6,NA,46288,22.2,9,52
601-800,615,Taiwan,14.4,18.3,15.9,30.5,38.4,NA,12119,26.3,3,53
601-800,616,Greece,13.4,39.2,18.8,31.2,66.5,NA,13167,57.5,6,47
601-800,617,New Zealand,17.3,95.6,9.8,21.7,28.5,NA,18981,18.1,38,58
601-800,618,Chile,16.7,45.2,9.7,14.2,41.1,NA,13794,17.8,1,47
601-800,619,China,25.9,16.9,21.7,9.1,87.6,NA,NA,NA,NA,NA
601-800,620,Belarus,20.2,48.2,8.7,6,28,NA,29303,10.6,6,69
601-800,621,Serbia,20.4,30.5,13.2,14,45.6,NA,96968,28.3,5,60
601-800,622,India,18.3,13.7,8.3,17.4,29.6,NA,11837,19.5,0,22
601-800,623,United Kingdom,18.7,79.1,15.9,22.7,32.7,NA,11065,20.5,32,53
601-800,624,Brazil,21.9,24.1,7.4,10.4,NA,NA,45880,14.5,2,52
601-800,625,United Kingdom,16.7,62.8,10.7,20.1,29.4,NA,16924,19.5,19,58
601-800,626,Romania,34.3,21.3,11.5,9.9,29.5,NA,31806,24.9,2,70
601-800,627,Hungary,17.1,30.4,13.7,21.6,39.7,NA,22447,22.1,4,32
601-800,628,Egypt,18.9,31,11.1,11.9,30.3,NA,231941,39.1,3,47
601-800,629,India,34.7,13.1,8.7,19.8,29.2,NA,18511,32.5,0,NA
601-800,630,United States of America,11.6,18.9,10.4,23.3,NA,NA,29594,32.3,5,58
601-800,631,China,26.3,18.8,14.9,16.3,28.8,NA,11506,7.1,3,70
601-800,632,Spain,18.4,28.6,10.3,30.5,29.7,NA,26381,14.3,3,56
601-800,633,United Kingdom,15.7,54.1,9.4,28.2,28.9,NA,18542,17.5,17,57
601-800,634,France,18.7,49.1,6.3,13.2,28.6,NA,17000,9.2,11,53
601-800,635,Taiwan,19.3,15.7,24.7,27.6,31.9,NA,7506,12.6,0,42
601-800,636,Spain,23.2,44.7,17.4,24.8,34.8,NA,15730,11.4,9,43
601-800,637,Czech Republic,21.6,46.3,12,17.4,38.9,NA,4699,11,19,NA
601-800,638,Thailand,17.8,34.9,9.4,30,32.3,NA,35617,16.5,1,19
601-800,639,Japan,26.9,21,16.8,24.8,55.3,NA,14554,12.3,5,37
601-800,640,China,21.1,16.1,21.4,21.5,64.5,NA,29483,20.7,3,NA
601-800,641,China,23.6,15.9,26.6,4,100,NA,14579,19.4,6,NA
601-800,642,South Korea,19.7,27.2,14.7,24.5,33.3,NA,23270,15,3,45
601-800,643,China,19.5,15.5,15.5,8.7,73.8,NA,43955,16,3,NA
601-800,644,South Korea,17.5,20.4,11.7,29.1,31.4,NA,35779,18.5,3,41
601-800,645,Thailand,23.8,32.8,14.1,16.7,37.8,NA,38719,14.5,2,59
601-800,646,Taiwan,15.9,18.7,22.1,17.4,41.9,NA,15020,30.2,3,41
601-800,647,South Korea,23.2,19.8,17.7,13.2,39.9,NA,18361,17.2,3,NA
601-800,648,United States of America,21.4,34.6,19.7,27,35.8,NA,19198,17.1,8,46
601-800,649,Slovakia,23,46.9,10.3,19.6,28,NA,20879,9.7,10,54
601-800,650,United Kingdom,17.1,69.6,7.7,18.4,29.1,NA,21934,14.8,35,47
601-800,651,China,22.6,20.7,19,23.5,93.3,NA,34326,15.2,2,33
601-800,652,Hungary,17.3,49,11.4,20.9,NA,NA,29714,20.3,13,57
601-800,653,India,29.8,15.4,10.8,19.1,28.2,NA,32567,22.9,1,50
601-800,654,Bangladesh,21.7,37.2,7.2,9.6,NA,NA,62716,6.9,5,34
601-800,655,Republic of Ireland,16.1,70.5,8.8,20.7,28.1,NA,13839,18.9,25,41
601-800,656,Japan,19.2,20.9,11.3,17.5,37.8,NA,8394,9.9,1,39
601-800,657,China,20.5,13.4,12.9,8.8,28,NA,21689,9.8,0,21
601-800,658,Hungary,21.3,43,12.1,30.6,29.3,NA,28698,22.4,4,NA
601-800,659,Turkey,15.5,17.2,10.9,18,30.3,NA,28079,28,2,46
601-800,660,Brazil,18.2,19.7,8.1,14.3,NA,NA,39861,17.9,1,47
601-800,661,Brazil,27.9,21.6,15.4,23.1,30.7,NA,42612,13.5,1,55
601-800,662,Brazil,24.6,15.5,9.6,7,NA,NA,21850,11.2,1,NA
601-800,663,Brazil,32.6,18.9,13.7,16.8,NA,NA,38743,14.8,1,50
601-800,664,Brazil,26,21,12.2,14.2,42.9,NA,26078,12.6,1,48
601-800,665,Brazil,29,16.8,10.8,11.5,NA,NA,18587,16.9,0,NA
601-800,666,Brazil,39.7,15,14.5,3.9,59,NA,13163,11.4,3,70
601-800,667,Brazil,25.8,14.5,16.4,3,NA,NA,10350,20.9,2,53
601-800,668,Taiwan,14.6,21.1,13.7,34.4,33.9,NA,20213,23.9,7,36
601-800,669,United States of America,20.4,62.4,13.5,24.6,33.4,NA,4408,13.7,26,34
601-800,670,Taiwan,14.4,19.1,9.8,18.2,47,NA,25951,22.8,4,59
601-800,671,Poland,15.5,16.1,9.5,15.2,36.8,NA,25217,23.3,1,39
601-800,672,Ghana,15.6,48.4,15.6,19.5,NA,NA,37274,37.5,2,41
601-800,673,Japan,25.4,18.5,16.9,14.7,32.8,NA,7318,12.4,4,35
601-800,674,United Kingdom,17.1,55,10.4,24.2,29.9,NA,13527,21.6,16,60
601-800,675,United Kingdom,15.7,81.8,9.5,17.7,30,NA,18096,24.6,32,53
601-800,676,Turkey,21,19.6,11.8,19.7,28.2,NA,39606,20.4,4,56
601-800,677,United Kingdom,17.4,55.2,5.4,16.5,28,NA,15436,18.1,25,54
601-800,678,China,18.3,14.8,15,21.2,46.7,NA,42756,24.7,2,43
601-800,679,Nigeria,22.7,26.1,11.1,4.6,29.2,NA,26247,17.1,1,45
601-800,680,Indonesia,18.1,37.2,8,13.9,40,NA,43565,15.8,0,51
601-800,681,South Korea,20.7,23.5,20,22.5,64.7,NA,20353,24.1,3,36
601-800,682,Taiwan,12.8,24.8,11.5,13.3,41,NA,16263,29.9,10,45
601-800,683,Turkey,26,20,23.3,10,100,NA,82096,41.1,6,44
601-800,684,Poland,24,33.5,14.4,30.7,28,NA,42835,11.5,5,67
601-800,685,China,28.2,20.3,14.4,14.6,42.1,NA,65605,13.6,3,46
601-800,686,Jordan,19,53.7,7.7,7.8,28.8,NA,35577,13.6,13,67
601-800,687,Jordan,16.4,62.2,6.2,16.4,31.4,NA,24686,16.4,23,55
601-800,688,Japan,32.3,16.7,10.5,24,51.1,NA,3955,3.7,1,52
601-800,689,Iran,20.9,7.1,18.1,22.5,45.5,NA,7146,24.6,0,32
601-800,690,Taiwan,20.6,19.9,22.2,20.5,33.2,NA,7009,12.6,5,56
601-800,691,Thailand,18.2,31.5,7.4,19.9,35.7,NA,39669,16.9,1,62
601-800,692,Thailand,18.2,28.5,11.4,36.2,70.3,NA,17791,23.7,1,42
601-800,693,United Kingdom,16.9,76.8,12.1,26.7,28.5,NA,20778,20.9,34,53
601-800,694,Japan,18.5,17,7.9,30,33.2,NA,31216,11.6,2,NA
601-800,695,Japan,27.8,21.1,15.4,24.3,45.1,NA,15885,8.4,6,33
601-800,696,South Korea,20,22.6,19.6,17,36,NA,26483,23.5,6,47
601-800,697,Japan,23.4,22.2,11.6,28.1,43.1,NA,10226,7.6,5,37
601-800,698,South Korea,21.1,21.7,16,18.1,34.9,NA,27152,14.4,4,42
601-800,699,Japan,19.4,20.7,12.5,14.2,44.1,NA,5890,12.1,4,11
601-800,700,Latvia,22.6,31.5,10.2,20.9,28.3,NA,15100,26.5,3,68
601-800,701,France,20,60.3,8.6,32.4,31.8,NA,19599,14.5,18,41
601-800,702,United Kingdom,17.9,60.5,11.9,26.4,29.3,NA,10665,18.9,11,54
601-800,703,Slovenia,24.9,34.5,13.6,24,32.3,NA,48821,17.6,4,60
601-800,704,Morocco,17.4,42.7,6.3,12.1,29.2,NA,56060,38.7,1,46
601-800,705,United States of America,19.2,24.8,15.7,36.1,30.2,NA,16370,20.5,7,53
601-800,706,United Kingdom,18.5,81,10.6,25.7,NA,NA,17753,24.7,44,59
601-800,707,Russian Federation,34.3,44.4,16.3,15.5,28,NA,5395,7,12,NA
601-800,708,Spain,19.3,28.3,11.7,28,29.5,NA,31460,15.8,6,62
601-800,709,Japan,22.8,21.9,10.8,14.3,NA,NA,9137,7.2,4,36
601-800,710,Kenya,13.7,45.5,9,19.5,28,NA,72676,47,1,40
601-800,711,Taiwan,18.4,33.1,12.5,14,31.3,NA,16867,18.4,10,57
601-800,712,Taiwan,21.3,14.2,20.3,15.7,40.8,NA,11989,22.9,1,NA
601-800,713,Taiwan,20.2,16.9,16.8,24.5,42.5,NA,15632,20.3,4,39
601-800,714,Taiwan,17.8,16,14.6,16.4,81.3,NA,10227,16.5,3,25
601-800,715,Taiwan,18.1,20.3,21,18.2,49.3,NA,8240,20.9,5,30
601-800,716,Argentina,16,28.1,9,12.5,28.6,NA,108373,38.1,2,62
601-800,717,Russian Federation,24.8,33.7,17.5,10.8,67.2,NA,4441,6.7,13,43
601-800,718,Pakistan,21.4,31.3,7,35,31.3,NA,9808,7.8,3,27
601-800,719,Japan,21.9,19.3,10.1,17.5,33,NA,12460,8.5,3,37
601-800,720,United Kingdom,17.7,55.1,10.9,29.2,29.1,NA,22750,19.3,16,55
601-800,721,China,23.4,15.2,15.4,3.5,28,NA,23056,14.1,3,25
601-800,722,United Kingdom,16.5,52.7,8.9,27.3,28.4,NA,21852,17.4,18,55
601-800,723,United States of America,18.1,23.3,11.9,21.9,30.3,NA,14584,19.8,2,60
601-800,724,China,18.9,15.6,10.7,12.9,50.1,NA,36205,20.6,1,40
601-800,725,United States of America,25,33.6,14.9,24.6,30.1,NA,22224,20,10,50
601-800,726,Japan,24.3,20.6,14.9,25.3,48,NA,13035,8.6,3,38
601-800,727,Japan,21.6,17.6,10.2,17.5,41.5,NA,8051,7.5,3,36
601-800,728,Czech Republic,15.9,23.4,11.9,11.1,28.3,NA,10671,19.8,4,55
601-800,729,France,17.5,46.4,11.6,36.2,28,NA,23026,23.4,22,60
601-800,730,France,31.1,44.2,21.3,7.1,28.5,NA,21580,27.4,21,69
601-800,731,Greece,18.5,30.6,12.1,28.8,48.3,NA,29251,40.9,4,46
601-800,732,Hungary,19.7,50.8,9,23.4,28.4,NA,21819,15.4,10,NA
601-800,733,Spain,20.3,32.9,12.7,34.3,43.8,NA,33172,13.6,7,36
601-800,734,Brazil,18.4,18.6,6.5,32.2,28,NA,7741,10.9,2,1
601-800,735,Brazil,21.1,18.7,10.9,27.6,52.3,NA,14797,10.1,0,50
601-800,736,Chile,18.4,35.7,8,10.4,44.3,NA,13493,10.4,0,45
601-800,737,Thailand,15.3,31,7,22.2,31.6,NA,38274,16.1,1,69
601-800,738,Qatar,9.9,99.9,10.3,22.3,55.2,NA,9583,19,42,74
601-800,739,Brazil,21.7,16.8,9.1,12.3,30.8,NA,28757,10.1,0,46
601-800,740,United States of America,17.4,29.8,13.4,25.1,30.4,NA,12965,13.5,13,34
601-800,741,Japan,18.6,20.6,9.6,23.4,29.6,NA,7469,11.7,2,33
601-800,742,United Kingdom,20.8,66.4,12.1,21.2,28.8,NA,16152,17,25,51
601-800,743,Chile,17.6,40.4,11.3,10.2,31,NA,22739,23.6,1,39
601-800,744,Brazil,28,18.7,22.6,6.7,40.1,NA,50594,13,5,52
601-800,745,India,38.3,17.3,12.4,11.4,29.3,NA,4858,14.6,3,25
601-800,746,China,25.1,15.6,22.4,6.9,89.7,NA,22780,15.1,4,36
601-800,747,South Korea,18.9,25.2,12.2,38.7,35.4,NA,11704,15.5,3,43
601-800,748,South Korea,22.8,18.7,17.5,21.4,28.9,NA,10243,19,3,36
601-800,749,Iran,20.5,13.8,19,11.4,58.9,NA,17800,24.9,1,52
601-800,750,China,19.1,15.8,16.1,14.8,45.7,NA,46044,17.5,3,48
601-800,751,China,17.6,30.7,9.1,28.3,30.7,NA,9593,13.5,0,48
601-800,752,United Kingdom,17.3,47,9.4,20.1,28.6,NA,27477,18.8,15,53
601-800,753,Japan,20.8,20.3,8.3,22,31.6,NA,11232,9.6,3,NA
601-800,754,Japan,28.5,14,7.9,7,NA,NA,3675,2.5,0,57
601-800,755,China,25,15.7,18.4,16.1,90.8,NA,65035,14.5,2,48
601-800,756,Poland,17.7,18.5,8,20.4,28.1,NA,32764,17.3,1,65
601-800,757,Slovakia,23.3,30.6,8.6,24.9,33.2,NA,16400,15.3,2,31
601-800,758,South Korea,21.5,27.7,24.8,20.5,46.8,NA,10625,24.1,7,43
601-800,759,Japan,22,32.8,9.4,5.3,29.5,NA,12799,24.3,8,53
601-800,760,South Africa,18.4,28.7,11.3,9.4,28.8,NA,197102,108.5,9,65
601-800,761,Russian Federation,21.9,17.3,8.2,9.2,39.5,NA,27556,9,3,56
601-800,762,United States of America,21,20.8,11.8,20.1,39.9,NA,14569,18.5,3,63
601-800,763,Australia,18.4,63,13.1,14.4,28.8,NA,13761,29.2,21,55
601-800,764,Egypt,22.6,31.6,5.9,16,NA,NA,16817,6,NA,65
601-800,765,Oman,21.3,71.5,10.6,16,37.6,NA,7089,9,3,50
601-800,766,Thailand,21.1,25.9,11.6,18.4,38.1,NA,12650,32.9,1,50
601-800,767,Hungary,20,46.9,10.5,20.5,33.2,NA,22684,13.8,9,58
601-800,768,Taiwan,25.7,26.5,21.7,19,42.2,NA,6001,11.1,6,58
601-800,769,Ukraine,27.9,28.2,11,4.2,28,NA,22686,8.2,2,45
601-800,770,Spain,21.8,39.5,14.6,24.5,38.3,NA,41500,13.8,11,32
601-800,771,Iran,26.1,16.5,16.9,15.8,NA,NA,53802,27,1,45
601-800,772,United States of America,18.6,30.4,18.7,18.4,NA,NA,19123,29,7,54
601-800,773,United States of America,27.9,36.8,17.2,22,NA,NA,29512,20.9,7,46
601-800,774,Japan,17.9,19.3,7.6,15.3,34.4,NA,29700,12.7,1,27
601-800,775,Japan,25.3,16.8,21.6,12.8,59.6,NA,7519,8.9,3,34
601-800,776,Japan,27.9,24.5,12.4,7.7,57.9,NA,2597,11.1,7,34
601-800,777,Japan,23,15.4,24.1,21.4,37.6,NA,20243,25.7,2,20
601-800,778,Russian Federation,34.8,36.9,20.8,7.6,44,NA,10413,9.9,12,60
601-800,779,Japan,24.3,16.7,10.1,9.6,34.5,NA,6248,8.2,2,34
601-800,780,Japan,22,25.4,18.9,15.8,50.3,NA,2153,9.3,9,9
601-800,781,Malaysia,24.3,29.7,15.9,10.9,28.4,NA,24227,11.8,12,62
601-800,782,Malaysia,25.3,50.1,20.9,10.2,34.2,NA,23883,12.2,16,63
601-800,783,Malaysia,26.9,44.2,16.6,12.4,34.4,NA,28179,14.8,10,61
601-800,784,Malaysia,15.2,14.8,7.7,18.2,28.3,NA,69268,16.8,0,65
601-800,785,Russian Federation,24.8,17.3,10.6,16.8,35.6,NA,28427,10.1,3,48
601-800,786,Ukraine,21.7,48.4,8.9,1.7,28.8,NA,14410,9.7,22,53
601-800,787,Spain,18.4,30.7,10.5,31.8,38.1,NA,22793,19,3,51
601-800,788,Lithuania,18.3,40.8,13.6,26.1,41,NA,19019,14.2,4,65
601-800,789,Poland,19.4,20.7,8.5,40.3,47.4,NA,34572,14.5,3,34
601-800,790,Japan,23.6,29.7,14.6,29.4,32.4,NA,52316,16.9,8,35
601-800,791,Czech Republic,16.3,23.1,9.7,29.8,32.1,NA,15639,21.5,2,52
601-800,792,United Kingdom,16.9,48.5,11.2,34.6,28.5,NA,22525,21.4,15,53
601-800,793,Romania,16.1,21,3.9,22.4,NA,NA,12933,19,3,62
601-800,794,United Kingdom,17.3,81.9,11.7,21.1,28.5,NA,16609,21,43,57
601-800,795,China,17.9,12.8,12.1,8.9,83.7,NA,31618,16.4,2,29
601-800,796,South Korea,18.6,24.3,10.9,26.5,35.4,NA,21958,15.3,3,48
601-800,797,Turkey,14.5,14.9,7.6,19.3,44,NA,31268,28.7,2,36
601-800,798,Japan,24,16.1,10.2,36.4,37.9,NA,4122,3.7,3,NA
601-800,799,Japan,20.1,23.3,16,13.5,40.4,NA,10117,12.1,8,28
601-800,800,Taiwan,16.2,17.7,18.3,28.6,39.8,NA,8663,20.6,4,43
